{"cameraMode":{"drawMode":0,"name":"Shaded","section":"Shading Mode"},"sceneLighting":true,"audioPlay":false,"sceneViewState":{"m_AlwaysRefresh":false,"showFog":true,"showSkybox":true,"showFlares":true,"showImageEffects":true,"showParticleSystems":true,"showVisualEffectGraphs":true,"m_FxEnabled":true},"in2DMode":false,"pivot":{"x":4.717011451721191,"y":2.2506842613220217,"z":6.341079235076904},"rotation":{"x":0.013409702107310295,"y":-0.11523278057575226,"z":0.0015557706356048585,"w":0.9932467937469482},"size":3.1792151927948,"orthographic":false}