{"cameraMode":{"drawMode":0,"name":"Shaded","section":"Shading Mode"},"sceneLighting":true,"audioPlay":false,"sceneViewState":{"m_AlwaysRefresh":false,"showFog":true,"showSkybox":true,"showFlares":true,"showImageEffects":true,"showParticleSystems":true,"showVisualEffectGraphs":true,"m_FxEnabled":true},"in2DMode":false,"pivot":{"x":4.029022216796875,"y":3.636439085006714,"z":4.820586204528809},"rotation":{"x":0.013409702107310295,"y":-0.11523278057575226,"z":0.0015557706356048585,"w":0.9932467937469482},"size":6.035048007965088,"orthographic":false}